area,restaurant,ratings,google_map_link
Arugam Bay,The Sketch,4.8(526),https://tinyurl.com/2cwdckbo
Arugam Bay,Serendib Arugambay,4.5(464),https://tinyurl.com/248ftwy3
Arugam Bay,Regal burgers restaurant arugambay,4.8(298),https://tinyurl.com/26vlfumv
Arugam Bay,Chopstick chill Restaurant,4.7(203),https://tinyurl.com/28t37rrn
Arugam Bay,The Spice Trail,4.6(251),https://tinyurl.com/26nrjuqp
Arugam Bay,468 Cabanas & Restaurant - Arugambay,4.8(27),https://tinyurl.com/22xokl2n
Arugam Bay,Neptune's Best Restaurants Arugambay,4.8(431),https://tinyurl.com/27y7cy4s
Arugam Bay,Tasty Table,4.9(92),https://tinyurl.com/25tge5h6
Arugam Bay,Wave Hunters Hostel & Restaurant,5.0(24),https://tinyurl.com/29m86oe9
Arugam Bay,Moon Garden Restaurant Arugam Bay,4.9(437),https://tinyurl.com/27qhy7jf
Arugam Bay,FUCHSBAU ARUGAM BAY,4.9(190),https://tinyurl.com/29pmczy5
Arugam Bay,Riva del Sole Abay Restaurant & Accomodation,4.9(62),https://tinyurl.com/26lq3bvq
Arugam Bay,Dinner Table Arugambay,4.7(184),https://tinyurl.com/24d6hase
Arugam Bay,Rustic Cabanas & Restaurant,4.8(38),https://tinyurl.com/2cudve8g
Arugam Bay,Flo Restaurant,4.7(129),https://tinyurl.com/27m7znrk
Arugam Bay,Food Time Restaurants Arugam Bay,4.6(285),https://tinyurl.com/25cpmwj9
Arugam Bay,Grandgers,5.0(228),https://tinyurl.com/22qy9rha
Arugam Bay,Le Onde Italian Restaurant,4.8(112),https://tinyurl.com/26obwfdn
Arugam Bay,Buffet Arugambay,4.7(62),https://tinyurl.com/2a7tjonc
Arugam Bay,Dewa Seafood Restaurant & Cafe,4.5(101),https://tinyurl.com/2c66lcx3
Nuwara Eliya,Themparadu,"4.6(1,474)",https://tinyurl.com/2dl3zuu9
Nuwara Eliya,Indian Summer Restaurant Nuwara Eliya,"4.1(2,014)",https://tinyurl.com/27868bso
Nuwara Eliya,Dushan's Home Kitchen,4.7(966),https://tinyurl.com/26rfz4f7
Nuwara Eliya,Cafe Noshers,"4.9(1,031)",https://tinyurl.com/22bwwfze
Nuwara Eliya,Grand Indian,"4.4(2,705)",https://tinyurl.com/247o4wd8
Nuwara Eliya,Salmiya Italian Restaurant,"4.6(1,116)",https://tinyurl.com/274p2z8s
Nuwara Eliya,The Magnolia,4.1(105),https://tinyurl.com/29ypmkb4
Nuwara Eliya,Araliya Food Court,"4.0(1,756)",https://tinyurl.com/2yfdrpbw
Nuwara Eliya,Mariners' Restaurant,4.2(260),https://tinyurl.com/22gnjrcp
Nuwara Eliya,De Silva Food Center Nuwaraeliya.,"3.7(1,120)",https://tinyurl.com/29uumff3
Nuwara Eliya,Restaurant GURU,4.2(185),https://tinyurl.com/2d584f4b
Nuwara Eliya,Milano Restaurant,"3.6(1,563)",https://tinyurl.com/26nk7fps
Nuwara Eliya,Lawson bay restaurant,4.4(78),https://tinyurl.com/2yhwnsqt
Nuwara Eliya,Restaurant sky Cafè,5.0(25),https://tinyurl.com/297pohcu
Nuwara Eliya,Eleven 2 Eleven Restaurant (Ashley Hills) - Nuwara Eliya,4.4(142),https://tinyurl.com/2266wwht
Nuwara Eliya,The Grand Café,"4.4(1,172)",https://tinyurl.com/28746ofs
Nuwara Eliya,Cool Feel Rest Hotel & Restaurant,4.2(77),https://tinyurl.com/29bs4k3h
Nuwara Eliya,Barnes Hall,4.2(20),https://tinyurl.com/232bwrls
Nuwara Eliya,Grand Dewasiri Seafood Restaurant & Cottage,3.8(342),https://tinyurl.com/25s3etpk
Nuwara Eliya,Hela Bojun Hala,4.3(961),https://tinyurl.com/29awrtvz
Kandy,Hideout Lounge,"4.5(2,120)",https://tinyurl.com/27s5dmmr
Kandy,Organica Lounge Kandy,"4.8(1,028)",https://tinyurl.com/29rapx4h
Kandy,Fab Ceylon,"4.3(3,047)",https://tinyurl.com/2ya3atof
Kandy,Buono,"4.6(1,211)",https://tinyurl.com/28et5r54
Kandy,Hangout Late night Kandy,4.7(286),https://tinyurl.com/23wdk58b
Kandy,කුඹුක (Kumbuka) Restaurant Kandy,4.5(230),https://tinyurl.com/25ee2eml
Kandy,MANDIYA,4.9(291),https://tinyurl.com/2awtwzu5
Kandy,CAFE 1886,"4.3(1,282)",https://tinyurl.com/26ksjnk8
Kandy,Licensed to Grill by DI's,4.2(572),https://tinyurl.com/24ertpvq
Kandy,MARINATE,4.6(303),https://tinyurl.com/26aj29qk
Kandy,Scooby's Hideaway,4.7(338),https://tinyurl.com/28dqqmvu
Kandy,Hungry Brunch Café & Restaurant,4.8(561),https://tinyurl.com/26z2l643
Kandy,Soul Food,"4.7(1,333)",https://tinyurl.com/23spbuk7
Kandy,Balaji Dosai,"4.1(3,625)",https://tinyurl.com/2ccwqyx9
Kandy,Cafe The Vibe,"4.2(1,813)",https://tinyurl.com/284czwa8
Kandy,Cafe Nuwara,"4.6(3,272)",https://tinyurl.com/2ax3og52
Kandy,"Slightly Chilled Lounge, Sports Bar & Restaurant","4.2(2,092)",https://tinyurl.com/2awmu4su
Kandy,Indi’s joint,4.8(590),https://tinyurl.com/2d5nk2hc
Kandy,Vito Wood Fired Pizza,"4.6(2,804)",https://tinyurl.com/2dfzwl8h
Kandy,La Mulberry,4.3(258),https://tinyurl.com/27b7k2nm
Kataragama,"SMOOTHIEBUN - Healthy Vegetarian Restaurant, Kataragama",4.9(511),https://tinyurl.com/2cuf96jy
Kataragama,The Chill Restaurant,3.8(176),https://tinyurl.com/2breuo8a
Kataragama,Ran Mall Villa,4.8(40),https://tinyurl.com/2222cvkn
Kataragama,Nishadi Hotel and Chinese Restaurant,4.1(135),https://tinyurl.com/2d6y772o
Kataragama,Wild Edge Restaurant & Cafe,4.8(50),https://tinyurl.com/2boxoule
Kataragama,Rest at Kataragama,4.3(6),https://tinyurl.com/2a2q5a43
Kataragama,Ruhunu Bakery & Hotel,4.2(386),https://tinyurl.com/29dgh26t
Kataragama,Real taste restaurant,3.7(22),https://tinyurl.com/269k7t4h
Kataragama,The Flavors Restaurant,"4.9(1,014)",https://tinyurl.com/242o88b3
Kataragama,Shiva Vegetarian Hotel,4.1(197),https://tinyurl.com/22ae8z35
Kataragama,Kadirapura Hotel & Restaurant,4.8(16),https://tinyurl.com/22h9k59u
Kataragama,Dinaka Rest Kataragama,4.0(84),https://tinyurl.com/282ph9he
Kataragama,Siriliya Rest,3.5(70),https://tinyurl.com/26f64v3r
Kataragama,The Plummy Dale Restaurant,4.2(120),https://tinyurl.com/23b9spyf
Kataragama,Livinya Holiday Resort,4.3(372),https://tinyurl.com/2bgsd7sl
Kataragama,Minipura Hotel,5.0(1),https://tinyurl.com/2bd3x7o2
Kataragama,Gedara Bath Kade,3.7(178),https://tinyurl.com/285pz8yr
Kataragama,Matara Family Restaurant,3.5(12),https://tinyurl.com/2bnchlhn
Kataragama,Saubhagya,3.9(7),https://tinyurl.com/23o599ax
Kataragama,Grand Tamarind Lake,4.3(900),https://tinyurl.com/22q9nxt3
Anuradhapura,Seedevi Family Restaurant,"4.0(2,810)",https://tinyurl.com/23dju2n2
Anuradhapura,Little Paradise Restaurant Anuradhapura,4.6(405),https://tinyurl.com/2xh76pv6
Anuradhapura,Gemi Gedara Restaurant Anuradhapura,3.9(659),https://tinyurl.com/259w9slk
Anuradhapura,Palhena Restaurant,4.5(575),https://tinyurl.com/22n7tnjl
Anuradhapura,Rasa Gedara ( The House Of Taste ),4.4(477),https://tinyurl.com/22u38aqd
Anuradhapura,Bro Restaurant,4.7(949),https://tinyurl.com/26qnbzcs
Anuradhapura,Ambula Restaurant Anuradhapura ඇඹුල අනුරාධපුර,"4.0(1,203)",https://tinyurl.com/28woygya
Anuradhapura,Kafe,4.6(234),https://tinyurl.com/2bmtken5
Anuradhapura,Casserole Restaurant,"4.1(1,069)",https://tinyurl.com/25vdldds
Anuradhapura,The Walkers Restaurant,3.9(992),https://tinyurl.com/2d7fvrjc
Anuradhapura,Hela Sathkaara Bojun Hala - හෙල සත්කාර බොජුන් හල,4.8(344),https://tinyurl.com/2d4yqxwg
Anuradhapura,Golden Mango Indian Restaurant,"4.1(4,126)",https://tinyurl.com/2ye7gb74
Anuradhapura,Big Mama,3.9(201),https://tinyurl.com/27u4rsq2
Anuradhapura,Table 9 restaurant,4.7(99),https://tinyurl.com/29vxpjhn
Anuradhapura,Myburger Family Restaurant,4.2(834),https://tinyurl.com/285npt9p
Anuradhapura,Rajarata Hotel රජරට හෝටලය,3.4(278),https://tinyurl.com/25t8u5ye
Anuradhapura,Alankulama Casserole Restaurant Bank Side,4.1(925),https://tinyurl.com/2c6kbkl2
Anuradhapura,The Grand Family Restaurant,4.2(226),https://tinyurl.com/2a4xrgjg
Anuradhapura,Rangiri Restaurant - Anuradhapura,4.0(639),https://tinyurl.com/2cpfryvd
Anuradhapura,Rasagedara,5.0(1),https://tinyurl.com/2a2a839z
Polonnaruwa,Priyamali Gedara | ප්‍රියමාලි ගෙදර,4.8(944),https://tinyurl.com/2cmjaqv4
Polonnaruwa,RASABOJUN GEDARA polonnaruwa,5.0(118),https://tinyurl.com/23ol6g4z
Polonnaruwa,Jaga Food - Authentic Lunch - Dinner,4.9(652),https://tinyurl.com/22epgdk2
Polonnaruwa,Pabalu Mandapa - Authentic Sinhala Cuisine,5.0(110),https://tinyurl.com/22bbakx6
Polonnaruwa,TREE HUT RESTAURANT,4.6(53),https://tinyurl.com/2a7wmspw
Polonnaruwa,Gemi Gedara,4.7(178),https://tinyurl.com/23qbpteg
Polonnaruwa,NS Tomatoes Restaurant,4.4(191),https://tinyurl.com/22kpzals
Polonnaruwa,Dine Home Restaurant,4.8(129),https://tinyurl.com/2d7jgz3g
Polonnaruwa,Maha Kithula Tourist Restaurant,4.2(58),https://tinyurl.com/2ygykfy6
Polonnaruwa,Rajadhani Restaurant Polonnaruwa,4.0(341),https://tinyurl.com/2dhtxvu4
Polonnaruwa,Zomoto Restaurant,3.9(576),https://tinyurl.com/278ct6ff
Polonnaruwa,Saruketha Restaurant,4.4(499),https://tinyurl.com/244gkxd3
Polonnaruwa,Wishma Restaurant,4.2(144),https://tinyurl.com/25rlsf8k
Polonnaruwa,Thidas Arana Restaurant,3.9(270),https://tinyurl.com/2d2xjg46
Polonnaruwa,Dine Time Family Restaurant,4.2(169),https://tinyurl.com/2ceehlgu
Polonnaruwa,Hotel Sudu Araliya,"3.9(1,408)",https://tinyurl.com/2dmnq37u
Polonnaruwa,Ariya Rest House,4.4(368),https://tinyurl.com/26gvgn5r
Polonnaruwa,Mr.punsiri's kitchen,5.0(209),https://tinyurl.com/2yafndyt
Polonnaruwa,Derana Restaurant,4.4(85),https://tinyurl.com/2y7tr9jw
Polonnaruwa,Midland Diner,4.2(41),https://tinyurl.com/2b3nhsrf
Sigiriya,Sigiriya Wew Thawulla Restaurant,4.8(866),https://tinyurl.com/23ybrlm7
Sigiriya,Rastarant Sigiriya,"4.4(1,265)",https://tinyurl.com/24ldheg7
Sigiriya,Kaluwara Restaurant & cooking lessons SIGIRIYA,4.9(184),https://tinyurl.com/2bb67j8u
Sigiriya,Little hut sigiriya,4.8(697),https://tinyurl.com/29yobsxj
Sigiriya,Kenoli Restaurant,4.9(758),https://tinyurl.com/28lxlkk2
Sigiriya,"ROCKO'S RESTAURANT &CAFE, SIGIRIYA",4.6(193),https://tinyurl.com/29pojg7o
Sigiriya,Chill Bro Restaurant Sigiriya,5.0(47),https://tinyurl.com/2dh6uguc
Sigiriya,Sigiriya Cool Place restaurant,4.3(237),https://tinyurl.com/23tw4v6j
Sigiriya,Gamiya Chill Cafe,4.9(138),https://tinyurl.com/243rgzdb
Sigiriya,Mili's Restaurant,4.7(277),https://tinyurl.com/25bwk7kt
Sigiriya,Come & Taste Restaurant Sigiriya,4.6(251),https://tinyurl.com/24e4xw6w
Sigiriya,Wijesiri Family Restaurant,4.5(451),https://tinyurl.com/22zcsfc5
Sigiriya,Ahinsa Restaurant,4.4(662),https://tinyurl.com/2d2kujbt
Sigiriya,Nirwana Restaurant,4.7(136),https://tinyurl.com/27ynnrdu
Sigiriya,Sigiri Rock View Point - the Restaurant,4.8(130),https://tinyurl.com/2butwno7
Sigiriya,Chooti Restaurant Sigiriya,4.0(392),https://tinyurl.com/24lrm9zn
Sigiriya,SIMBA REST SIGIRIYA,4.9(128),https://tinyurl.com/2872sw5a
Sigiriya,Liya Restaurant,4.8(687),https://tinyurl.com/26ept8uc
Sigiriya,Shenadi restaurant,4.6(262),https://tinyurl.com/238anwd3
Sigiriya,Wihara Restaurant (PVT) LTD.,5.0(414),https://tinyurl.com/24qpc2e9
Trincomalee,Trinco Lanka Restaurant,4.7(414),https://tinyurl.com/2yoargsz
Trincomalee,Trinco Blu by Cinnamon,"4.5(3,323)",https://tinyurl.com/29ch67ub
Trincomalee,Cafe on the 18th,4.6(730),https://tinyurl.com/2agnypmr
Trincomalee,Aachi Suvayotru,4.3(408),https://tinyurl.com/2yzouet8
Trincomalee,Eastern Lanka Seafood Restaurant,4.7(325),https://tinyurl.com/2xktb6fb
Trincomalee,Rea Beach Restaurant by Nero kitchen,4.3(64),https://tinyurl.com/2cmnonb9
Trincomalee,Wood Cape,4.3(162),https://tinyurl.com/2ym638g4
Trincomalee,KK Kitchen - Trincomalee,4.5(58),https://tinyurl.com/22ub6unm
Trincomalee,Rice 'n' Curry Restaurant,4.5(542),https://tinyurl.com/277mxcnl
Trincomalee,Shami Seafood Restaurant,4.3(21),https://tinyurl.com/2clx5ayb
Trincomalee,Be Cool Juice Bar & Sea Food Restaurant,4.6(248),https://tinyurl.com/22bfogdb
Trincomalee,4DONER,4.6(769),https://tinyurl.com/27hvhqh9
Trincomalee,Queen Bee cafe & seafood + vape shop,4.9(370),https://tinyurl.com/23upm9jg
Trincomalee,New Parrot Restaurant,4.0(176),https://tinyurl.com/22mkzkbv
Trincomalee,ISSO - Prawn Crazy,4.7(338),https://tinyurl.com/22tfu7zn
Trincomalee,Gaga Seafood Restaurant,4.2(93),https://tinyurl.com/2y45uhap
Trincomalee,Monty Restaurant,4.8(253),https://tinyurl.com/2atzf9vc
Trincomalee,TRINCORINI,4.9(307),https://tinyurl.com/2cc74sgd
Trincomalee,Ocean oasis restaurant and rooms,5.0(117),https://tinyurl.com/23ssxf8a
Trincomalee,Trincomalee Thambi Italian Restaurant,4.9(131),https://tinyurl.com/2yjd4nww
Jaffna,Jaffna Authentic Cuisine / JAC Dining,4.2(833),https://tinyurl.com/2dadb8fm
Jaffna,Akshathai/Nila,"4.0(1,134)",https://tinyurl.com/2826vzyq
Jaffna,Lavin's Vegetarian Family Restaurant,4.4(952),https://tinyurl.com/23ga72z4
Jaffna,Malayan Cafe - Jaffna,"4.0(1,612)",https://tinyurl.com/29h7drg3
Jaffna,Vel Murugan Appam,4.8(34),https://tinyurl.com/29dq8xt7
Jaffna,Singai Restaurant,4.4(29),https://tinyurl.com/2chmh6vj
Jaffna,A Plus Biriyani,4.7(326),https://tinyurl.com/224nujnn
Jaffna,Vanni Inn Restaurant - Jaffna branch,4.0(549),https://tinyurl.com/26cfrv8p
Jaffna,Zoco Jaffna,4.8(362),https://tinyurl.com/2d7rf5xp
Jaffna,The Tiki Jaffna,4.7(23),https://tinyurl.com/257ou2l3
Jaffna,New Selva Hotel,4.2(352),https://tinyurl.com/23cxozq9
Jaffna,Rusichchatti,3.9(224),https://tinyurl.com/2agjh25n
Jaffna,U.S. Restaurant,3.8(602),https://tinyurl.com/2bookod8
Jaffna,Green Grass Hotel & Restaurant,"3.8(1,673)",https://tinyurl.com/22j8hupn
Jaffna,Rio Ice Cream - Jaffna,"4.4(7,147)",https://tinyurl.com/2bvjwbkx
Jaffna,Cosy Hotel & Restaurant,3.7(664),https://tinyurl.com/2bef3ajk
Jaffna,Adchaya Pathra Restaurant,4.3(149),https://tinyurl.com/23hqoyqr
Jaffna,Nallur Bhavan Vegetarian Restaurant,4.0(623),https://tinyurl.com/234vahz9
Jaffna,Khalids Authentic Indian Restaurant,4.7(15),https://tinyurl.com/2ymus83w
Jaffna,Spice of Jaffna,3.6(28),https://tinyurl.com/2d3p22a5
Kalpitiya,WINDY WAVES beach restaurants,4.8(97),https://tinyurl.com/25jz9dq2
Kalpitiya,Subra Restaurant,4.4(29),https://tinyurl.com/2dg6lmzs
Kalpitiya,Kalpitiya,N/A,https://tinyurl.com/22yvaxa6
Kalpitiya,Mama's Here Restaurant,4.6(119),https://tinyurl.com/2a8t6mtk
Kalpitiya,Elite restaurant,4.0(62),https://tinyurl.com/2yav2c3y
Kalpitiya,Sea Sand Resort & Restaurant Kalpitiya,4.9(63),https://tinyurl.com/26a338q4
Kalpitiya,Kalpitiya Government Resthouse,3.5(40),https://tinyurl.com/2bar6yy4
Kalpitiya,Riyal and son's pizza House,4.8(67),https://tinyurl.com/264bcnu6
Kalpitiya,The Shore Bar & Grill,4.7(6),https://tinyurl.com/24pp382p
Kalpitiya,The Blue Lagoon Resort Kalpitiya,4.5(527),https://tinyurl.com/27qwtk82
Kalpitiya,Kalpitiya Village Restaurant,4.2(12),https://tinyurl.com/25rysa3z
Kalpitiya,Elements Beach & Nature Resort,4.8(510),https://tinyurl.com/23ofb6yw
Kalpitiya,Kite Paradise Restaurants,5.0(9),https://tinyurl.com/28xurutw
Kalpitiya,The Araliya Retreat,4.7(89),https://tinyurl.com/26fg6rsq
Kalpitiya,Sampath Beer House & Restaurant.,4.5(11),https://tinyurl.com/2bdd24gy
Kalpitiya,Ocean Breeze Restaurant,4.4(14),https://tinyurl.com/239tb8gg
Kalpitiya,Blue Lagoon Resort by LIMO PLUS,4.5(123),https://tinyurl.com/2b33hnmd
Kalpitiya,Mom's Kitchen,4.9(89),https://tinyurl.com/2xhjyyf7
Kalpitiya,Eagle Restaurant,4.7(100),https://tinyurl.com/26nlxxax
Kalpitiya,Nirukthie Beach Resort & Restaurant,4.8(49),https://tinyurl.com/2b588wyr
Passikudah,Rupsy's Sea Food Restaurant,4.3(144),https://tinyurl.com/26amyphb
Passikudah,SUPER BAY SEAFOOD RESTAURANT,4.6(167),https://tinyurl.com/2boldvvp
Passikudah,Red Snapper Seafood Restaurant,4.1(36),https://tinyurl.com/2y4rfoh4
Passikudah,Seagrass restaurant,5.0(1),https://tinyurl.com/25kayddu
Passikudah,Pasikuda Beach,"4.5(1,141)",https://tinyurl.com/2459j3wk
Passikudah,Maalu Maalu Resort & Spa | Pasikuda,"4.5(1,801)",https://tinyurl.com/28o6ajg9
Passikudah,Anantaya Resort and Spa Passikuda,"4.5(1,116)",https://tinyurl.com/2xwmnhka
Passikudah,roshena catering service,4.9(91),https://tinyurl.com/29ukrsdt
Passikudah,Honey Beach Club by Amaya Beach Passikudah,3.8(36),https://tinyurl.com/26gfy8ht
Passikudah,Shalini Hotel,4.9(32),https://tinyurl.com/2b974b8a
Passikudah,Seafood Inn On The Bay,4.5(14),https://tinyurl.com/226whgmt
Passikudah,Dewasiri seafood pasikuda,4.2(40),https://tinyurl.com/2bguplky
Passikudah,Earl's Red Passikudah,3.8(272),https://tinyurl.com/2529sm8z
Passikudah,OASIS RESTAURANT,4.6(137),https://tinyurl.com/28hp3rcx
Passikudah,Pub & Restaurant,3.6(17),https://tinyurl.com/23pxxolj
Passikudah,Anilana Pasikuda,4.3(589),https://tinyurl.com/28gyhe22
Passikudah,"Amethyst Resort, Passikudah","4.3(1,637)",https://tinyurl.com/24hnrq5m
Passikudah,Machang Pasikudah,3.7(128),https://tinyurl.com/2bmgmnjb
Passikudah,White Sands Seafood Market & Restaurant by Maalu Maalu,4.2(6),https://tinyurl.com/28363tqh
Passikudah,Hoppers Shop( Pasi Khuda),5.0(18),https://tinyurl.com/23hemgjy
Bentota,The Wave Beach Restaurant,4.3(432),https://tinyurl.com/27fwezgm
Bentota,Bamboos Garden Restaurant,4.7(454),https://tinyurl.com/2c7xv7u5
Bentota,Vintage Restaurant,4.6(558),https://tinyurl.com/26qmqajf
Bentota,Secret Harbour,4.8(48),https://tinyurl.com/24rhfx4p
Bentota,Esprit Seafood Restaurant and Bar,4.7(100),https://tinyurl.com/25sr725z
Bentota,Olive Restaurant,4.9(128),https://tinyurl.com/23sqjyzt
Bentota,COCO Kitchen (pvt) LTD,4.6(63),https://tinyurl.com/2xou9sgh
Bentota,TUNA TUNA 33,4.6(173),https://tinyurl.com/25arybx6
Bentota,Islanda Bentota Sea Food Restaurant,4.6(286),https://tinyurl.com/28z4game
Bentota,NOVA SEAFOOD RESTAURANT,4.9(357),https://tinyurl.com/23pcd7wx
Bentota,Sea Meat Spice Seafood Restaurant -Cinnamon Bentota Beach,4.7(58),https://tinyurl.com/2csf9pmd
Bentota,THE CATAMARAN BEACH RESTAURANT,4.9(99),https://tinyurl.com/2at9vf7n
Bentota,Boss of Prawns,5.0(99),https://tinyurl.com/2abnuj4r
Bentota,Malli's Seafood Restaurant,4.6(431),https://tinyurl.com/247czxjw
Bentota,The Cuisine Delight ( TCD ),4.6(353),https://tinyurl.com/2af53con
Bentota,Rana Seafood Restaurant,4.4(658),https://tinyurl.com/2ckagk86
Bentota,Golden Grill Restaurant,4.1(561),https://tinyurl.com/29ge7e5r
Bentota,Trax Garden Restaurant,4.6(249),https://tinyurl.com/23zv6fro
Bentota,The Boiling Lob,4.7(149),https://tinyurl.com/294onokk
Bentota,Red Chef,4.7(68),https://tinyurl.com/2xwhdfb4
Haputale,Olive View point,"4.5(1,061)",https://tinyurl.com/27m3y62j
Haputale,Mint of The Mist,4.9(543),https://tinyurl.com/22ythlz4
Haputale,The Green Paradise,4.9(177),https://tinyurl.com/26v2qhse
Haputale,Vantage hills Haputale,4.7(231),https://tinyurl.com/23sfvuxh
Haputale,Lettuce and Cabbage cafe Restaurant by Olives,4.1(250),https://tinyurl.com/2bz8wzjz
Haputale,Olive's City Center,4.3(136),https://tinyurl.com/25kpvk8f
Haputale,Royal top restaurant,4.9(26),https://tinyurl.com/2awdh497
Haputale,Golden Hill Tea Centre by Olives,"4.4(1,143)",https://tinyurl.com/266leyzq
Haputale,Resturant & Guest Inn: Gami Suwadha ගැමි සුවද,4.7(59),https://tinyurl.com/29dvty8y
Haputale,CAFE POLO,5.0(10),https://tinyurl.com/23fkzcow
Haputale,Nilowin Glenanore guesthouse,4.9(181),https://tinyurl.com/23y5jjb2
Haputale,Gami Rasa | ගැමි රස,4.8(13),https://tinyurl.com/26mvxce7
Haputale,Amaya View Guest Inn,4.8(41),https://tinyurl.com/26la2gpc
Haputale,Spice Trail hpt,4.7(65),https://tinyurl.com/2bwulxq4
Haputale,Olympus Plaza Hotel,4.1(598),https://tinyurl.com/2bml3jwg
Haputale,Glacé Café • Diner,4.2(160),https://tinyurl.com/27kxvfb8
Haputale,Russe Hotel Haputale,5.0(1),https://tinyurl.com/2yyvsmct
Haputale,Saman Hotel And Rooms,4.4(27),https://tinyurl.com/255eah63
Haputale,Risara Bakers & Restaurant,4.0(146),https://tinyurl.com/24qxysxy
Haputale,Moonro Inn,3.8(5),https://tinyurl.com/25dj3mka
Matara,The Dutchman's Street,"4.4(1,582)",https://tinyurl.com/2d7awncr
Matara,The Doctor's House,"4.3(1,549)",https://tinyurl.com/22nv79z2
Matara,Lemon Cafe and Restaurant,4.3(245),https://tinyurl.com/29j9rga2
Matara,Tomatina,4.3(531),https://tinyurl.com/22fc99yc
Matara,360 Madiha - Restaurants and Hotels,4.1(800),https://tinyurl.com/23d7shf9
Matara,"Beldon Matara, Sri Lanka",4.5(386),https://tinyurl.com/298j57dv
Matara,The Kottu Factory,4.0(437),https://tinyurl.com/2bzyxvm9
Matara,Mar- Coop River Restaurant,4.1(138),https://tinyurl.com/283s7bq9
Matara,Healthy Generations,4.4(211),https://tinyurl.com/2c25twmm
Matara,Nomad Café,4.7(922),https://tinyurl.com/29a9oknt
Matara,Palm Tree Family Restaurant Maddavatta Beach,5.0(51),https://tinyurl.com/2dmb4gxq
Matara,Zephyr Ceylon,"4.4(1,596)",https://tinyurl.com/2478446r
Matara,DIANA Beach Restaurant,4.4(101),https://tinyurl.com/27pnd7rm
Matara,Kumbuka family restaurant,4.7(59),https://tinyurl.com/29lezomg
Matara,Petti Petti Mirissa,"4.2(1,530)",https://tinyurl.com/2a2qg86o
Matara,UPRISING restaurant,4.5(89),https://tinyurl.com/229j9qxr
Matara,Culture Resort,4.5(328),https://tinyurl.com/294utwpr
Matara,Hela Bojun Hala - Matara | හෙළ බොජුන් හල - මාතර | ஹெல போஜுன் ஹல - மாத்தறை,4.5(412),https://tinyurl.com/232a3rhu
Matara,Sara Kitchen,4.9(171),https://tinyurl.com/2d2d9uh8
Matara,හෙළ රැවුලාගේ කටගැස්ම,4.2(988),https://tinyurl.com/2yl4v88j
Puttalam,JOLLYBEEZ,4.7(75),https://tinyurl.com/28nh74gh
Puttalam,Sri Bravo Restaurant,4.0(437),https://tinyurl.com/25g6p4r9
Puttalam,Wilpattu Gate Family Restaurant,3.8(206),https://tinyurl.com/253496hg
Puttalam,Camel Sweet House & Family Restaurant,4.4(45),https://tinyurl.com/2xklnhkn
Puttalam,TFB - Tuans Food Bowl,4.2(308),https://tinyurl.com/2bl6bwfs
Puttalam,Kandiah Beach Family Restaurant,4.2(85),https://tinyurl.com/2avtnozl
Puttalam,Senathilaka Guest Inn & Restaurant,3.6(144),https://tinyurl.com/2868dkne
Puttalam,Dulica food house,4.8(18),https://tinyurl.com/2ygqncom
Puttalam,Ice Talk Family Restaurant,4.1(14),https://tinyurl.com/27k9q84z
Puttalam,Banana leaf කෙසෙල් කොලේ,5.0(1),https://tinyurl.com/28vt2nvw
Puttalam,Pizza Hut - Puttalam,4.1(493),https://tinyurl.com/22uvswyx
Puttalam,Prasanna Hotel,4.3(16),https://tinyurl.com/22zhk9rv
Puttalam,Country taste,5.0(2),https://tinyurl.com/22e84q33
Puttalam,Mahudhoon Star,3.9(56),https://tinyurl.com/2cayscaj
Puttalam,Puttalam Masala Cafe,5.0(2),https://tinyurl.com/2y9h6ufe
Puttalam,Puttalam kc,5.0(1),https://tinyurl.com/2a5oorw2
Puttalam,KFC Puttalam,3.9(161),https://tinyurl.com/27psna3s
Puttalam,Blueberry bakehouse,4.4(14),https://tinyurl.com/23q5ydft
Puttalam,Maritime Heritage Bungalow,3.8(4),https://tinyurl.com/242j944z
Puttalam,Mahdhoon Hotel,5.0(2),https://tinyurl.com/256t24mo
Weligama,MARU - Weligama,"4.8(1,501)",https://tinyurl.com/2bku2k8y
Weligama,The Natural Earth,4.7(664),https://tinyurl.com/2bwu6ebk
Weligama,Meewitha Weligama,4.8(612),https://tinyurl.com/2c3bc7vg
Weligama,Hangten Rooftop Restaurant,4.5(648),https://tinyurl.com/237w4xjr
Weligama,"Layback Rooftop Café, Restaurant & Bar (part of Layback surf camp)",4.8(303),https://tinyurl.com/23z8ledf
Weligama,Land Of Rizka Weligama,4.8(216),https://tinyurl.com/24on5nb2
Weligama,Nomad Café,4.7(922),https://tinyurl.com/29a9oknt
Weligama,Fat Burner Live Kitchen,4.7(422),https://tinyurl.com/235rcp7d
Weligama,Dine 'n' Sip,4.9(414),https://tinyurl.com/29ny5sxq
Weligama,Café Scenic Rooftop & Bar,4.8(216),https://tinyurl.com/25awpwnt
Weligama,Fish Point Weligama SeaFood Restaurant,4.5(896),https://tinyurl.com/2bm6h5fg
Weligama,MEYOLA WELIGAMA,4.8(575),https://tinyurl.com/22yvojon
Weligama,SADIE RESTAURANT AND CAFE,5.0(37),https://tinyurl.com/29k87ahl
Weligama,Bay-Route resto & Shisha bar,4.3(256),https://tinyurl.com/26c2fkne
Weligama,Miru Restaurants,4.9(256),https://tinyurl.com/22xy2pdh
Weligama,After surf rooftop cafe,4.9(774),https://tinyurl.com/2ytjtvql
Weligama,Auntie's Café Weligama Restaurant,4.9(60),https://tinyurl.com/2ax3krq6
Weligama,Day Long Restaurant,4.5(270),https://tinyurl.com/228kxpu7
Weligama,Moochies Weligama,4.6(759),https://tinyurl.com/27gc8l8k
Weligama,Kuma Seafood Restaurant,4.7(502),https://tinyurl.com/2xja2y6m
Badulla,RIVER VIEW RESTAURANT,4.1(284),https://tinyurl.com/2asnv4az
Badulla,Dulsara Restaurant,3.9(617),https://tinyurl.com/23qgwabq
Badulla,The Hot One,4.7(64),https://tinyurl.com/28ewjtac
Badulla,Thilina Hotel,4.6(70),https://tinyurl.com/26j8ecfz
Badulla,Attalaya,4.8(11),https://tinyurl.com/2352kpjz
Badulla,Sambusa Hotel,3.7(181),https://tinyurl.com/28bze2ng
Badulla,Pearl Cafe & Bakers,4.5(13),https://tinyurl.com/28udthxr
Badulla,Cafe Q RESTAURANT CAFE & BAKERY,3.3(4),https://tinyurl.com/26rrccw8
Badulla,Dosa Café,4.5(175),https://tinyurl.com/2csoj4u7
Badulla,The Heritage Grand Badulla,"4.2(1,075)",https://tinyurl.com/2djoqq4c
Badulla,Ranjan Lanka Fast Foo,4.4(136),https://tinyurl.com/2753tqpt
Badulla,William's Hotel and Bakery,4.3(13),https://tinyurl.com/24ysrtr8
Badulla,Dunhinda Falls Inn,4.1(416),https://tinyurl.com/22ae4to9
Badulla,Golden Cafe,4.0(219),https://tinyurl.com/28bbblm8
Badulla,Motel Resturent,3.5(10),https://tinyurl.com/26dtjohg
Badulla,The Barn by Starbeans,"4.7(3,595)",https://tinyurl.com/22ys6t7j
Badulla,Pizza Connection,4.6(208),https://tinyurl.com/2yozmfdv
Badulla,Cafe Chill,"4.5(9,120)",https://tinyurl.com/2429woto
Badulla,96's Resort,4.9(14),https://tinyurl.com/22e9fzdl
Badulla,Hela Bojun Badulla හෙල බොජුන් බදුල්ල,4.4(335),https://tinyurl.com/23jxdeya
Hambantota,The Clamshell,4.6(191),https://tinyurl.com/2bok36l7
Hambantota,Ulpatha Restaurant Club House,4.2(27),https://tinyurl.com/27kydypp
Hambantota,Jade Green Boutique Hotel & Restaurant,3.8(571),https://tinyurl.com/24g53snd
Hambantota,Bohemian Beach Restaurant,5.0(8),https://tinyurl.com/2d3qnpnb
Hambantota,Batch Restaurant,4.2(79),https://tinyurl.com/27uaufjd
Hambantota,Cabana Restaurant,5.0(1),https://tinyurl.com/2ydwe2uw
Hambantota,Shangri-La Hambantota,"4.5(4,925)",https://tinyurl.com/2d4zhjh4
Hambantota,Nonagama Village,4.3(667),https://tinyurl.com/2apl8l52
Hambantota,Hambantota Ape Thana (හම්බන්තොට අපේ තැන),5.0(1),https://tinyurl.com/24xnr7wv
Hambantota,C-Face Sea Food Restaurant,4.3(93),https://tinyurl.com/28jkzngk
Hambantota,Bojunhala,4.1(9),https://tinyurl.com/26a5mw89
Hambantota,Ruhunu Resort,4.3(559),https://tinyurl.com/22jwqgq3
Hambantota,Saltern face Restaurant,4.3(64),https://tinyurl.com/23jzw5gv
Hambantota,Sandaliya Hotel,3.9(249),https://tinyurl.com/28qypfkt
Hambantota,Night restaurant,5.0(2),https://tinyurl.com/26cae7kn
Hambantota,Hambantota Ruhunu Bakers (Pvt) Ltd,3.8(46),https://tinyurl.com/24u9vv6d
Hambantota,Ceylonta Beach Resort and Spa,4.7(25),https://tinyurl.com/297vebum
Hambantota,Double N Restaurant,4.3(15),https://tinyurl.com/2469o9w8
Hambantota,Pela Restaurant (Pvt) Limited,4.5(102),https://tinyurl.com/22ql2mvk
Hambantota,Dr Chef,4.5(18),https://tinyurl.com/2axwqnr6
Diyatalawa,Minchi Minchi Restaurant,4.3(100),https://tinyurl.com/26kzp3jy
Diyatalawa,Hot Ambula Diyatalawa,4.8(4),https://tinyurl.com/24xrbvh2
Diyatalawa,Hela Bojunahala Diyatalawa,4.5(70),https://tinyurl.com/2a8jualq
Diyatalawa,Diyatalawa Holiday Bungalow,4.4(85),https://tinyurl.com/2aufdngh
Diyatalawa,Andriyala,4.8(160),https://tinyurl.com/2d6u9eos
Diyatalawa,Top Mountain Resort,4.3(199),https://tinyurl.com/23ozg4ah
Diyatalawa,Stationhill Holiday Home Diyatalawa,4.7(30),https://tinyurl.com/26ewsyjo
Diyatalawa,Diyaluma Restaurant and Bar Bandarawela.,4.5(203),https://tinyurl.com/23b3zshc
Diyatalawa,Pearl Edge,4.5(2),https://tinyurl.com/22837d6l
Diyatalawa,Little cafe,5.0(3),https://tinyurl.com/25wzzdt9
Diyatalawa,Q Dine Pizza Hub - Family Restaurant,4.4(289),https://tinyurl.com/289xe54k
Diyatalawa,Hotel Devons,3.0(6),https://tinyurl.com/24e3uas3
Diyatalawa,Mint of The Mist,4.9(543),https://tinyurl.com/22ythlz4
Diyatalawa,The Red Lantern - SLMA Diyathalawa,5.0(1),https://tinyurl.com/22hhf3sa
Diyatalawa,HOH Family Restaurant Bandarawela,4.1(27),https://tinyurl.com/28paxgxy
Diyatalawa,Mount Edge Restaurant and Cafe(MERC RESTAURANT),4.3(24),https://tinyurl.com/233cuz5l
Diyatalawa,Rice Hub,4.2(5),https://tinyurl.com/29xsvggo
Diyatalawa,Majestic food cona diyathalawa resturent,N/A,https://tinyurl.com/2butt2cb
Diyatalawa,Selvan's Bread Shop,4.6(75),https://tinyurl.com/2xpsmmo3
Diyatalawa,LA COCINA,4.9(28),https://tinyurl.com/2abcss4v
Ella,Cafe Chill,"4.5(9,120)",https://tinyurl.com/2429woto
Ella,Cafe One Love,"4.4(1,608)",https://tinyurl.com/2doz2mjq
Ella,Ak Ristoro,"4.7(1,232)",https://tinyurl.com/2xqzmajt
Ella,The White Rabbit,4.8(993),https://tinyurl.com/27yb7mok
Ella,Café UFO Ella,"4.4(2,099)",https://tinyurl.com/2dq8m2to
Ella,La Mensa,"4.8(1,423)",https://tinyurl.com/23lesl32
Ella,Matey Hut Ella Sri Lanka,"4.8(1,966)",https://tinyurl.com/256tgo48
Ella,Cafe Samsara,"4.8(1,230)",https://tinyurl.com/27lg4m9d
Ella,Jade Green,4.7(559),https://tinyurl.com/27sbg9g5
Ella,360 Ella,"4.1(1,840)",https://tinyurl.com/296uppaj
Ella,The Barn by Starbeans,"4.7(3,595)",https://tinyurl.com/22ys6t7j
Ella,House of Kitchen,5.0(467),https://tinyurl.com/27kkrw4e
Ella,Rocky Ella Cafe,"4.8(1,344)",https://tinyurl.com/22q55g42
Ella,Hiking bar & Restaurant,4.5(691),https://tinyurl.com/26bdc5nm
Ella,Cafe Eden,4.8(836),https://tinyurl.com/237h2wla
Ella,Ella Village Restaurant,4.8(270),https://tinyurl.com/24wr2mt8
Ella,Ella Siyapatha Hut Restaurant,4.9(238),https://tinyurl.com/29nsjc9o
Ella,"Little restaurant, Ella",4.8(797),https://tinyurl.com/2cey5avj
Ella,Cafe C Ella,4.7(278),https://tinyurl.com/2awswom8
Ella,Bees Honey Cookery & Restaurant,4.9(864),https://tinyurl.com/2aqxl4fg
Hikkaduwa,Appetite Restaurant,4.8(247),https://tinyurl.com/2bqtu7j2
Hikkaduwa,Mom’s Kitchen,4.9(124),https://tinyurl.com/2d8uchxc
Hikkaduwa,Natura Italian Restaurant,4.7(271),https://tinyurl.com/2b2tmjbu
Hikkaduwa,Hikka Dream Dine,4.7(115),https://tinyurl.com/26ns9o2x
Hikkaduwa,Neela's Beach Restaurant,4.6(60),https://tinyurl.com/22jvny6a
Hikkaduwa,Steffi's Mandala,4.7(309),https://tinyurl.com/2d6pl8kv
Hikkaduwa,Canal view,4.9(496),https://tinyurl.com/29pjrlov
Hikkaduwa,Ocean Drop Hikkaduwa,4.8(270),https://tinyurl.com/2y8cdzbt
Hikkaduwa,JLH Beach Restaurant & Bar,4.2(760),https://tinyurl.com/2cku5rak
Hikkaduwa,Jungle & Mingle,4.8(169),https://tinyurl.com/2y6lr5yv
Hikkaduwa,Moon Beam The Beach Heaven,4.3(289),https://tinyurl.com/29rae2yt
Hikkaduwa,SaltyBeer Restaurant & Bar Hikkaduwa,4.8(134),https://tinyurl.com/2bnyjztn
Hikkaduwa,Top Secret,4.0(630),https://tinyurl.com/26ks8phk
Hikkaduwa,A2 Restaurant,4.3(422),https://tinyurl.com/29efxhqb
Hikkaduwa,Baba's Beach Restaurant (BBR),4.8(118),https://tinyurl.com/275x4qzx
Hikkaduwa,Sea Salt Society - Beach bar & Restaurant - Hikkaduwa,4.2(448),https://tinyurl.com/2xoxf3a8
Hikkaduwa,Tigri Beach Restaurant,4.3(432),https://tinyurl.com/27mq83m4
Hikkaduwa,Harbour Restaurant & Bar,4.6(93),https://tinyurl.com/2bl3uozh
Hikkaduwa,Mamas Beach Restaurant,"3.9(1,287)",https://tinyurl.com/25og6gcd
Hikkaduwa,Two Brother's Palace,4.9(358),https://tinyurl.com/23w66q4f
Galle,MARU - Galle Fort,"4.9(1,215)",https://tinyurl.com/2awjyg95
Galle,Pedlar's Inn Cafe and Restaurant,"4.5(2,594)",https://tinyurl.com/266qvdzo
Galle,The Bungalow Galle Fort - Restaurant & Bar.,4.7(921),https://tinyurl.com/26h3frcc
Galle,Elita Restaurant,4.3(771),https://tinyurl.com/2523xhv2
Galle,VOC Restaurant,4.5(340),https://tinyurl.com/2c5jdu49
Galle,AQUA Forte,4.5(455),https://tinyurl.com/2yzpfmml
Galle,coconut sambol,4.7(954),https://tinyurl.com/2cmo9v4m
Galle,The Pasta Factory,4.5(711),https://tinyurl.com/22823ujs
Galle,Ocean Bistro by Starbeans,4.6(758),https://tinyurl.com/25pm3b2o
Galle,Sugar Bistro at the Heritage,4.2(337),https://tinyurl.com/26gmaw9t
Galle,මඩුව Family Restaurants,4.6(218),https://tinyurl.com/2bn549dr
Galle,The Arch Restaurant - Galle Fort,4.7(250),https://tinyurl.com/2av9jvyn
Galle,Luuma Beach,5.0(250),https://tinyurl.com/2xub44ud
Galle,The Heritage Cafe & Bistro,4.2(428),https://tinyurl.com/25g7ske2
Galle,1710,4.7(715),https://tinyurl.com/298bdu7e
Galle,A Minute by Tuk Tuk Restaurant,"4.1(1,276)",https://tinyurl.com/24fjarhx
Galle,Bastille Fort Galle,4.6(825),https://tinyurl.com/24pss8al
Galle,Comida Restaurant,4.8(510),https://tinyurl.com/2ysrumfy
Galle,Three Roses,4.1(437),https://tinyurl.com/25l5zd9l
Galle,Galle Fort Restaurant,4.7(749),https://tinyurl.com/2arlbndj
Bandarawela,Gami Gedara Restaurant ගැමි ගෙදර රෙස්ටුරන්ට්,4.0(802),https://tinyurl.com/2a2v4eal
Bandarawela,Diyaluma Restaurant and Bar Bandarawela.,4.5(203),https://tinyurl.com/23b3zshc
Bandarawela,LA COCINA,4.9(28),https://tinyurl.com/2abcss4v
Bandarawela,King Crab Restaurant,4.6(16),https://tinyurl.com/27n22tfe
Bandarawela,Mount Edge Restaurant and Cafe(MERC RESTAURANT),4.3(24),https://tinyurl.com/233cuz5l
Bandarawela,Q Dine Pizza Hub - Family Restaurant,4.4(289),https://tinyurl.com/289xe54k
Bandarawela,Anasa Wellness Resort,4.7(98),https://tinyurl.com/25zowc3u
Bandarawela,Gammanaya Family Restaurant,4.1(155),https://tinyurl.com/28ml8z69
Bandarawela,Mr. Cooray family restaurant,4.9(28),https://tinyurl.com/22z9swle
Bandarawela,The Village Hut,4.0(29),https://tinyurl.com/28828kkq
Bandarawela,The Barn by Starbeans,"4.7(3,595)",https://tinyurl.com/22ys6t7j
Bandarawela,Sinhagiri Bakers & Restaurant,4.1(94),https://tinyurl.com/2d48hgv3
Bandarawela,Annapoorna Restaurant,4.6(76),https://tinyurl.com/275n4edq
Bandarawela,Blue View Guest Inn,3.5(63),https://tinyurl.com/2ypbwh33
Bandarawela,Icy Lounge Bandarawela,4.5(57),https://tinyurl.com/264dccdx
Bandarawela,Mount View,3.8(25),https://tinyurl.com/24pr2tzj
Bandarawela,New Orain Restaurant,4.7(14),https://tinyurl.com/2xzuf85g
Bandarawela,HOH Family Restaurant Bandarawela,4.1(27),https://tinyurl.com/28paxgxy
Bandarawela,Chandani Bakers,3.9(14),https://tinyurl.com/23w7w4th
Bandarawela,Pizza Hut - Bandarawela,4.3(729),https://tinyurl.com/2463ap39
Ratnapura,Dine Out Indian Restaurant,4.0(463),https://tinyurl.com/2bbkum4q
Ratnapura,The Paasto 47,4.4(225),https://tinyurl.com/2ccumo5j
Ratnapura,Corundum Family Restaurant,4.3(61),https://tinyurl.com/2y23gsgq
Ratnapura,Thai Tanik Restaurant,4.6(16),https://tinyurl.com/2adpbdnt
Ratnapura,Tandoori Indian Family Restaurant Rathnapura,4.2(98),https://tinyurl.com/26xxc54y
Ratnapura,LILY Restaurant Rathnapura,4.7(78),https://tinyurl.com/259x4gtt
Ratnapura,Cartwheel Cafe & Restaurant,4.4(107),https://tinyurl.com/23d8wx22
Ratnapura,Mellona Chocolate Cafe,4.4(363),https://tinyurl.com/2c5l68tb
Ratnapura,Royal palace,4.1(19),https://tinyurl.com/25ox99hs
Ratnapura,Garland Café,4.2(610),https://tinyurl.com/23ldp5g9
Ratnapura,Saroja Hotel,4.1(136),https://tinyurl.com/25ref34o
Ratnapura,Daiya Hut Family Restaurant,4.2(75),https://tinyurl.com/2do2rbuh
Ratnapura,Dayya restaurant,5.0(3),https://tinyurl.com/28w6xwc2
Ratnapura,Tea Jar Lounge,4.6(487),https://tinyurl.com/2a7b4ljk
Ratnapura,Raalahamy Hotel,4.5(31),https://tinyurl.com/2xk3c2sr
Ratnapura,Kitchen J by Janu,4.8(50),https://tinyurl.com/2a5kz89m
Ratnapura,New Everest Muslim Hotel,3.6(269),https://tinyurl.com/26hjdy6u
Ratnapura,Iceberg Cafe,4.1(166),https://tinyurl.com/25ulzfnc
Ratnapura,Curry Dish Restaurant,4.5(42),https://tinyurl.com/2542eoya
Ratnapura,P&S (Perera & Sons) - Ratnapura (Kudugalwatte),4.2(423),https://tinyurl.com/2ax8nkbk
Kitulgala,Rest House - Kitulgala,3.8(770),https://tinyurl.com/2822qpzb
Kitulgala,Sisira's River Lounge,4.0(22),https://tinyurl.com/26pg7jns
Kitulgala,Hirushan Hotel,4.8(29),https://tinyurl.com/295c94j2
Kitulgala,kitulgala ebony riverside restaurant,5.0(1),https://tinyurl.com/24ok9sw7
Kitulgala,Hotelriverleaf,4.8(6),https://tinyurl.com/239jrjhu
Kitulgala,UNASEWANA RESTAURANT AND BAR,4.3(3),https://tinyurl.com/27vuoslf
Kitulgala,River Reach Restaurant,4.6(88),https://tinyurl.com/27kpuoms
Kitulgala,Kelani Pawan Hotel and Restaurant,3.7(36),https://tinyurl.com/25bb2xeh
Kitulgala,Hot kitchen family rest,4.0(2),https://tinyurl.com/28bq5cux
Kitulgala,Kitulgala,N/A,https://tinyurl.com/2yyx8zez
Kitulgala,Mountriver Hotel,3.9(28),https://tinyurl.com/2y7sk5la
Kitulgala,Kitulgala Ebony Riverside Resort,4.1(158),https://tinyurl.com/22xaaafd
Kitulgala,Plantation Hotel,4.0(372),https://tinyurl.com/22laq4ys
Kitulgala,BALANCIO,4.9(70),https://tinyurl.com/27rqje5q
Kitulgala,Subasingha Hotel,4.4(5),https://tinyurl.com/24dkpr9q
Kitulgala,Chinese Spice and Hotel,5.0(1),https://tinyurl.com/2245u3yf
Kitulgala,Ceylon Adventure Sports,4.4(157),https://tinyurl.com/253pnpbw
Kitulgala,White Villa Kitulgala,4.6(46),https://tinyurl.com/2bw4aw3w
Kitulgala,Royal River Resort,4.5(26),https://tinyurl.com/22d5wvkl
Kitulgala,The Cave Kithulgala,4.6(71),https://tinyurl.com/2xsjcero
Tangalle,Let’s Sea,"4.9(1,243)",https://tinyurl.com/23owbsga
Tangalle,Cactus Lounge Restaurant,4.8(802),https://tinyurl.com/293juch2
Tangalle,The Fine Dine,4.9(439),https://tinyurl.com/23n8pf6c
Tangalle,THE LOUNGE,4.5(529),https://tinyurl.com/2b9kka5h
Tangalle,Dream Family Restaurant,4.8(749),https://tinyurl.com/28f5zror
Tangalle,Turtle Landing Restaurant,4.7(183),https://tinyurl.com/24uzje8v
Tangalle,Maheshee Home Restaurant,4.9(368),https://tinyurl.com/284tydv6
Tangalle,KOKOMOS,4.7(448),https://tinyurl.com/2aeau56h
Tangalle,The Tree's Restaurant,4.7(356),https://tinyurl.com/22fvvg3q
Tangalle,The Breeze Restaurant,4.6(36),https://tinyurl.com/2dnbvz5n
Tangalle,Ceylon Excel,4.9(963),https://tinyurl.com/29eoogfm
Tangalle,Chill house restaurant tangalle,5.0(507),https://tinyurl.com/252nbl5p
Tangalle,Restro Ready Family Restaurant TANGALLE,5.0(424),https://tinyurl.com/254oz6y2
Tangalle,Moon River Sea Food Restaurant Cabana,4.6(192),https://tinyurl.com/24h5gbdq
Tangalle,Sha Sha Seafood,4.8(255),https://tinyurl.com/22b4qdpb
Tangalle,Top secret Restaurant,4.8(41),https://tinyurl.com/25yacce6
Tangalle,Tangalle Rice & Curry Restaurant,4.7(252),https://tinyurl.com/276fpjum
Tangalle,Oceana Beach Cafe and Seafood Restaurant,4.5(426),https://tinyurl.com/2de8aw2d
Tangalle,The Ananas,4.8(91),https://tinyurl.com/2at7h7ac
Tangalle,Mango Shade,4.9(529),https://tinyurl.com/2254ognz
Maskeliya,Chanuka Restaurant,4.5(111),https://tinyurl.com/2yrl4lsm
Maskeliya,Arnav Cafe,5.0(81),https://tinyurl.com/2cs5q3nr
Maskeliya,Maskeliya hotel ( Restaurant ),4.0(4),https://tinyurl.com/2dcam4o7
Maskeliya,ADAMS REST INN,5.0(1),https://tinyurl.com/2dy5sxpk
Maskeliya,Bawa Restaurant,5.0(2),https://tinyurl.com/26jhvye4
Maskeliya,The Farm Resorts,4.7(389),https://tinyurl.com/27nda3x4
Maskeliya,Darmika hotel,4.2(6),https://tinyurl.com/28dzh4wx
Maskeliya,Green Shade Resort(Haritha Sewana Hotel & Restaurant),4.7(22),https://tinyurl.com/2dqtm29n
Maskeliya,ලන්තෑරුම - Lantheruma Family Restaurant,4.0(2),https://tinyurl.com/25u9kzrf
Maskeliya,New Valley Holiday Resort,4.3(58),https://tinyurl.com/2anynlht
Maskeliya,Raja hotel,5.0(1),https://tinyurl.com/2yvvuuv2
Maskeliya,Heaven Hills Guest House Maskeliya,4.8(192),https://tinyurl.com/27fo8lsl
Maskeliya,DAM HOUSE - Maskeliya,4.6(40),https://tinyurl.com/27kxo5kg
Maskeliya,Pekoe Lodge,4.7(150),https://tinyurl.com/27wdcvja
Maskeliya,Sunshine Resort Maskeliya,3.9(30),https://tinyurl.com/24ts56vl
Maskeliya,Kumara Hotel,4.9(35),https://tinyurl.com/2845k6kt
Maskeliya,Butterfly mountain lake side,4.1(116),https://tinyurl.com/29fn9q82
Maskeliya,Blue sky Guest House and Restaurant,4.8(66),https://tinyurl.com/2xs39pfc
Maskeliya,Sri Ambal reception Hall,5.0(3),https://tinyurl.com/2ypho5qq
Maskeliya,S.K. Foods & Stores,5.0(1),https://tinyurl.com/25a4nj9m
Mannar,The Barnesbury,"4.3(2,662)",https://tinyurl.com/22ufoffn
Mannar,BN Restaurant and Residents,4.7(18),https://tinyurl.com/22kfyrfc
Mannar,Choice Restaurant,4.0(247),https://tinyurl.com/26zpofbp
Mannar,Arabian Grills,4.2(422),https://tinyurl.com/279pw3zu
Mannar,Mannãr Restaurant,3.5(764),https://tinyurl.com/28b2o5jn
Mannar,New Siva Hotel,4.0(69),https://tinyurl.com/2xjj43no
Mannar,Malabar Hotel | Mannar,"3.8(1,487)",https://tinyurl.com/255fsj7d
Mannar,Best Roti & Paratha,5.0(2),https://tinyurl.com/2y755vbx
Mannar,Flamingo Resort,N/A,https://tinyurl.com/285uvvmt
Mannar,Restaurant,4.5(4),https://tinyurl.com/22zofe5e
Mannar,Ammachchi traditional food restaurant அம்மாச்சி,3.8(12),https://tinyurl.com/253b4arw
Mannar,NEW STAR HOTEL,4.1(10),https://tinyurl.com/25a6fvyo
Mannar,Mannar Coccos Garden,4.0(104),https://tinyurl.com/26cbhn7g
Mannar,Mannar kiribathgoda,3.1(182),https://tinyurl.com/2cd8of5f
Mannar,Victory's Gardens,4.7(77),https://tinyurl.com/2bl4373b
Mannar,Pilawoos Hotel,4.3(10),https://tinyurl.com/29qhba3g
Mannar,Metro Resturant,3.0(2),https://tinyurl.com/25xp87d2
Mannar,அம்மாச்சி உணவகம் අම්මාස්සි කෑම කඩේ Ammachi Traditional Food Center,4.1(7),https://tinyurl.com/23uotp2b
Mannar,The Palmyrah House,4.4(431),https://tinyurl.com/24ffvjhn
Mannar,Seabreeze Hotel - Mannar,4.1(294),https://tinyurl.com/294subax
Mirissa,Petti Petti Mirissa,"4.2(1,530)",https://tinyurl.com/2a2qg86o
Mirissa,101 Restaurant Mirissa,4.5(584),https://tinyurl.com/2auumy5q
Mirissa,Coco Gate Mirissa,4.6(502),https://tinyurl.com/29tktw5x
Mirissa,DelTano's Wood Fired Pizza & Pasta,4.7(889),https://tinyurl.com/2xld87hq
Mirissa,The folk life,4.8(90),https://tinyurl.com/2bybrrpm
Mirissa,Curry Gedara Mirissa,4.9(429),https://tinyurl.com/2daqnjyx
Mirissa,Hey Mama,4.8(739),https://tinyurl.com/273y56t9
Mirissa,O Mirissa Cafe and Bistro,4.6(468),https://tinyurl.com/24b4wrug
Mirissa,Concept La Mer,4.7(684),https://tinyurl.com/26kjsj5r
Mirissa,Dhana's Curry Pot,"4.7(1,046)",https://tinyurl.com/27yazqjb
Mirissa,Mila Mirissa,4.6(448),https://tinyurl.com/25257g4l
Mirissa,W&D Beach Restaurant,"4.6(1,072)",https://tinyurl.com/25ut2g64
Mirissa,Shady Lane Mirissa,"4.7(1,518)",https://tinyurl.com/27otljox
Mirissa,Oh la la !!! Beach bar and restaurant,4.6(457),https://tinyurl.com/25yo2l25
Mirissa,Salt Mirissa Resort,"4.0(1,121)",https://tinyurl.com/2ahl3lrp
Mirissa,A++,4.5(323),https://tinyurl.com/23wjxstd
Mirissa,Suncoast chillout & Japanse Restaurant - Mirissa,4.3(364),https://tinyurl.com/2c32oosv
Mirissa,Tipsy Turtle Mirissa,4.4(275),https://tinyurl.com/2yldzob4
Mirissa,Mirissa Beach,"4.7(1,853)",https://tinyurl.com/27trbcjj
Mirissa,Nautica Mirissa,4.8(159),https://tinyurl.com/25wcjfer
Pottuvil,Serendib Arugambay,4.5(464),https://tinyurl.com/248ftwy3
Pottuvil,Regal burgers restaurant arugambay,4.8(298),https://tinyurl.com/26vlfumv
Pottuvil,The Sketch,4.8(526),https://tinyurl.com/2cwdckbo
Pottuvil,Neptune's Best Restaurants Arugambay,4.8(431),https://tinyurl.com/27y7cy4s
Pottuvil,Family Delight,4.3(216),https://tinyurl.com/22xndh4y
Pottuvil,Flo Restaurant,4.7(129),https://tinyurl.com/27m7znrk
Pottuvil,Chopstick chill Restaurant,4.7(203),https://tinyurl.com/28t37rrn
Pottuvil,Divine Hut,4.3(63),https://tinyurl.com/246o3epg
Pottuvil,Grandgers,5.0(228),https://tinyurl.com/22qy9rha
Pottuvil,Moon Garden Restaurant Arugam Bay,4.9(437),https://tinyurl.com/27qhy7jf
Pottuvil,Sahani Biriyani Restaurant,3.9(107),https://tinyurl.com/2xvzbov9
Pottuvil,Catch of the day,5.0(266),https://tinyurl.com/22r9h8q3
Pottuvil,Colombo Restaurant & Bakery,4.1(144),https://tinyurl.com/28xb5nrz
Pottuvil,Buffet Arugambay,4.7(62),https://tinyurl.com/2a7tjonc
Pottuvil,Food Time Restaurants Arugam Bay,4.6(285),https://tinyurl.com/25cpmwj9
Pottuvil,Aspak Sri Lanka Restaurant,5.0(15),https://tinyurl.com/2da84rzc
Pottuvil,Rasalingam Food Shop,5.0(6),https://tinyurl.com/2yr96owp
Pottuvil,468 Cabanas & Restaurant - Arugambay,4.8(27),https://tinyurl.com/22xokl2n
Pottuvil,Wave Hunters Hostel & Restaurant,5.0(24),https://tinyurl.com/29m86oe9
Pottuvil,The Spice Trail,4.6(251),https://tinyurl.com/26nrjuqp
Mullaitivu,Ammachchi Traditional Food அம்மாச்சி உணவகம்,4.4(155),https://tinyurl.com/28zet5hy
Mullaitivu,Mullai Cafe,3.8(102),https://tinyurl.com/2c86kpto
Mullaitivu,Alai Mullaitivu,3.6(339),https://tinyurl.com/28qnr3en
Mullaitivu,Mullaitivu,3.0(2),https://tinyurl.com/29xt5q7g
Mullaitivu,Al Jazeera Restaurant & Bake House,3.8(4),https://tinyurl.com/27wjdo6n
Mullaitivu,Agal Hotel,5.0(2),https://tinyurl.com/2ypf2l5n
Mullaitivu,Ankayarkkanni Annakkudil,3.9(9),https://tinyurl.com/2bedek6e
Mullaitivu,Ashvini Hotel,4.8(8),https://tinyurl.com/25dg7s8f
Mullaitivu,Familly restaurant,4.7(18),https://tinyurl.com/2d8exnoa
Mullaitivu,ROYAL FOOD COURT,4.5(14),https://tinyurl.com/2co94mnu
Mullaitivu,City Restaurant,2.0(4),https://tinyurl.com/28shb59e
Mullaitivu,Uthaya Guest House/ Restaurant and Bar,4.0(75),https://tinyurl.com/2ymc4y3h
Mullaitivu,iniyanilaa unavagam,4.4(5),https://tinyurl.com/23vtudtl
Mullaitivu,Daffodils Hotel & Restaurant,3.5(4),https://tinyurl.com/2897nstk
Mullaitivu,வேய் குடில் Bamboo Hut,N/A,https://tinyurl.com/2973a4ah
Mullaitivu,Sangavi Hotel,3.4(31),https://tinyurl.com/2avzx4dg
Mullaitivu,Mani Star Inn,N/A,https://tinyurl.com/2295qr3k
Mullaitivu,New Al Aqsa Hotel,2.7(11),https://tinyurl.com/27wqg57v
Mullaitivu,Kingdom family cafe,N/A,https://tinyurl.com/2bk4loeu
Mullaitivu,அரியாத்தை சுவைத்தேன் அமுதம்,5.0(5),https://tinyurl.com/275vhkpj
Dambulla,UpRising Restaurant,4.7(221),https://tinyurl.com/26db89pk
Dambulla,Sakura Village House Restaurant Dambulla,4.7(560),https://tinyurl.com/2ykj5726
Dambulla,Heritage rangiri villa restaurant and hotel,5.0(8),https://tinyurl.com/25cyg7or
Dambulla,Sandadiya restaurant,3.3(105),https://tinyurl.com/24rtk6oe
Dambulla,Mango Hewana Restaurant & Grocery,4.4(47),https://tinyurl.com/22zeofg3
Dambulla,Same place,4.7(12),https://tinyurl.com/274bfuwp
Dambulla,Delight Restaurant Dambulla,4.0(533),https://tinyurl.com/2xw4qm9v
Dambulla,Wait house,N/A,https://tinyurl.com/2yjnsgu7
Dambulla,Chena hut Dambulla,4.5(2),https://tinyurl.com/2bfhj34n
Dambulla,Athula Restaurant,4.7(492),https://tinyurl.com/2y9eb33j
Dambulla,Nelumpatha hotel & bake house,4.1(41),https://tinyurl.com/26xfrph2
Dambulla,Sandra Restaurant,4.7(111),https://tinyurl.com/2xue79xx
Dambulla,Lak Rasa Restaurant,N/A,https://tinyurl.com/2744dgvh
Dambulla,Ninu Restaurant,3.8(36),https://tinyurl.com/29tssj29
Dambulla,Gami Gedara - ගැමි ගෙදර,4.3(549),https://tinyurl.com/2aexok2m
Dambulla,Sundaras Restaurant & Pool BAR,4.9(978),https://tinyurl.com/2b6ozljp
Dambulla,Rithu Restaurant,4.6(313),https://tinyurl.com/22j2vojr
Dambulla,Manj Restaurant & Bar,4.1(285),https://tinyurl.com/23y33h7q
Dambulla,Tropical Village Hotel & Restaurant,4.2(506),https://tinyurl.com/2a45cybh
Dambulla,Abiman hotel (අභිමන් හොටෙල්),N/A,https://tinyurl.com/24r8cukn
Avissawella,Ranmuthu Hotel & Restaurant,"4.1(1,138)",https://tinyurl.com/225jbkq9
Avissawella,Hotel Kashyapa,4.0(610),https://tinyurl.com/2a2zby4e
Avissawella,Bada Buffet,4.5(147),https://tinyurl.com/2ajn724r
Avissawella,Rest House,4.0(410),https://tinyurl.com/22tu6dzq
Avissawella,Century Burger,4.3(59),https://tinyurl.com/2b5zmgf5
Avissawella,Heaven De Fountain,4.1(375),https://tinyurl.com/2582lz42
Avissawella,Seethawaka Regency,"4.3(2,009)",https://tinyurl.com/23r2g7lg
Avissawella,Muluthangeya (මුළුතැන්ගෙය),4.0(104),https://tinyurl.com/2c6x4saw
Avissawella,Gehan's By Heritage,3.9(170),https://tinyurl.com/2akzgp9q
Avissawella,Fresh Way Bakers,"4.1(1,293)",https://tinyurl.com/26m7r4dd
Avissawella,Food Bank Family Restaurant,4.6(29),https://tinyurl.com/255gpem5
Avissawella,Randiya Restaurent,3.9(119),https://tinyurl.com/2d5jahyr
Avissawella,New Ozone Restaurant,3.9(20),https://tinyurl.com/27s86z8h
Avissawella,Pizza Hut Avissawella,4.2(272),https://tinyurl.com/299dc4hs
Avissawella,Ambalama Leisure Lounge,"3.9(1,750)",https://tinyurl.com/22gbgewy
Avissawella,Sendewa Restaurant (සැඳෑව),N/A,https://tinyurl.com/22akj45w
Avissawella,Edward Flora & Food Bazaar,4.1(44),https://tinyurl.com/255uu9ol
Avissawella,Cafe Plus...,4.4(378),https://tinyurl.com/26hh6pj2
Avissawella,Weerasri Bake House,3.9(10),https://tinyurl.com/23f4ezpd
Avissawella,Reliance Restaurant,4.1(296),https://tinyurl.com/25l54gds
Kalutara,Carabela Restaurant,4.2(167),https://tinyurl.com/248xzmzm
Kalutara,Sajee Restaurant,4.5(141),https://tinyurl.com/28rzhe62
Kalutara,King Bee Restaurant,4.9(28),https://tinyurl.com/29f4j8qb
Kalutara,Cream Japanese Style Restaurant,4.2(204),https://tinyurl.com/2adx5h78
Kalutara,Avani Kalutara Resort,"4.7(5,761)",https://tinyurl.com/239xz4o2
Kalutara,Red Lobster Tours and Restaurant Kalutara,4.7(262),https://tinyurl.com/2b5nwzob
Kalutara,Queen Bee Ayurvedic Massage,4.6(57),https://tinyurl.com/2y3yuca3
Kalutara,Oreo Beach Hotel & Restaurant,4.7(92),https://tinyurl.com/28prvxt4
Kalutara,Anantara Kalutara Resort,"4.8(3,354)",https://tinyurl.com/2xwzmdfo
Kalutara,New Kalutara Hotel,3.8(44),https://tinyurl.com/2yjbgn5h
Kalutara,"Olive Mate, Italian Kitchen",4.4(434),https://tinyurl.com/22o2ezq6
Kalutara,Kitchen Moya by Grand Royal,5.0(51),https://tinyurl.com/28owlao5
Kalutara,Kalutara Gedara,5.0(4),https://tinyurl.com/2ar5xjn8
Kalutara,Jayasada Restaurant & Hotel,4.1(82),https://tinyurl.com/2xjb66c6
Kalutara,Oasis Restaurant,4.5(314),https://tinyurl.com/25pqwgg4
Kalutara,Flavors,4.0(76),https://tinyurl.com/29x4eg5c
Kalutara,Melani Fine Food,3.6(370),https://tinyurl.com/2yabdrjb
Kalutara,Burger's King & Family Restaurant,3.2(94),https://tinyurl.com/249v7gts
Kalutara,Sea Shells Restaurant,4.5(389),https://tinyurl.com/26b4pc6s
Kalutara,FEEL Cafe,4.9(17),https://tinyurl.com/2d6gczvs
Deniyaya,Gammanaya Eco Restaurant & Bar,3.9(164),https://tinyurl.com/2ahd5og7
Deniyaya,River Breeze Restaurant,4.7(26),https://tinyurl.com/238asaan
Deniyaya,Lunu Mirisa Hot Kitchen & Family Restaurant,4.8(11),https://tinyurl.com/23bpy3uj
Deniyaya,Rasadi Hotel Deniyaya,3.3(4),https://tinyurl.com/26duntnx
Deniyaya,Shani Kitchen,5.0(5),https://tinyurl.com/29439sbs
Deniyaya,Healand Holiday Bungalow and Restaurant,4.7(14),https://tinyurl.com/27ygpoa9
Deniyaya,cabana lounge deniyaya,4.5(6),https://tinyurl.com/28vjh7rf
Deniyaya,Thotupala (තොටුපල) Restaurant,5.0(16),https://tinyurl.com/297hflvo
Deniyaya,360 Rainforest Restaurant,5.0(1),https://tinyurl.com/2bp44zl9
Deniyaya,heritan place,5.0(1),https://tinyurl.com/2yjxtzk5
Deniyaya,"Ganthera Hotel, Resturant",3.5(2),https://tinyurl.com/234fhllb
Deniyaya,Gurubeula - Leisure As You Wish,4.3(837),https://tinyurl.com/295codja
Deniyaya,Misty Mountain-Sinharaja,4.9(82),https://tinyurl.com/25nd3lrw
Deniyaya,Misto Cabin,3.4(5),https://tinyurl.com/2ckdrnk9
Deniyaya,Chill Eka,5.0(3),https://tinyurl.com/2y65gybk
Deniyaya,Rainforest Mount Lodge,4.7(177),https://tinyurl.com/2bfmtrwk
Deniyaya,Shani Residence Deniyaya,4.1(35),https://tinyurl.com/2ynac2cx
Deniyaya,CHILL Eka FAMILY RESTAURANT,N/A,https://tinyurl.com/24pgys4e
Deniyaya,Pradeep Foods,5.0(2),https://tinyurl.com/2cm72lza
Deniyaya,Lumbini Tea Valley Ceylon,4.8(93),https://tinyurl.com/2xwcpvpv
Monaragala,The Key Ceylon Restaurant,4.2(155),https://tinyurl.com/23fu2o99
Monaragala,Hotel Elaine,4.6(328),https://tinyurl.com/294cgnsx
Monaragala,Victory Inn -Monaragala,3.8(326),https://tinyurl.com/29lhcosd
Monaragala,Laya's Place ( Food & Beverage ),4.9(72),https://tinyurl.com/27hlv5pz
Monaragala,Devindu Guest Moneragala,5.0(3),https://tinyurl.com/29mrbd9y
Monaragala,Pavilion Restaurant පැවිලියන් රෙස්ටුරන්ට්,3.7(244),https://tinyurl.com/25oglpcl
Monaragala,Kauma's Boat Kitchen Moneragala,4.9(610),https://tinyurl.com/28vr3pyt
Monaragala,Street Bites,4.8(6),https://tinyurl.com/23pbaeuv
Monaragala,Sena Cafe,4.3(13),https://tinyurl.com/2d94u7ys
Monaragala,Jayantha Guest and Restaurant -Monaragala,4.0(4),https://tinyurl.com/2bgrugqu
Monaragala,Pizza Hut - Monaragala,4.3(299),https://tinyurl.com/23db6krc
Monaragala,Arya sinhala cafe,4.3(6),https://tinyurl.com/27jqme4w
Monaragala,Mindila Bake House,4.5(37),https://tinyurl.com/2ykk22gv
Monaragala,Western Hotel,5.0(1),https://tinyurl.com/236yn5z4
Monaragala,The Royal Lounge,5.0(2),https://tinyurl.com/25fgztqf
Monaragala,Capital Resort Inn,4.2(406),https://tinyurl.com/22vahpx7
Monaragala,Aradana Hotel,4.4(5),https://tinyurl.com/2a3w6fpy
Monaragala,Cafe top town,4.8(4),https://tinyurl.com/2ygajzp3
Monaragala,Kesel Kole Restaurant (කෙසෙල් කොලේ),4.6(5),https://tinyurl.com/2y4l2t6t
Monaragala,Priyangee guest house,5.0(5),https://tinyurl.com/28h4j3w9
Tissamaharama,Chef Lady Restaurant,"4.8(1,342)",https://tinyurl.com/25hanxkh
Tissamaharama,The Flavors Restaurant,"4.9(1,014)",https://tinyurl.com/242o88b3
Tissamaharama,Smoky Kitchen,4.6(952),https://tinyurl.com/22r54yvm
Tissamaharama,RED Restaurant Tissamaharama,4.5(980),https://tinyurl.com/2bshe6c4
Tissamaharama,New Cabana Restaurant,4.5(168),https://tinyurl.com/29agkek3
Tissamaharama,Tharanga Restaurant Tissamaharama,4.8(211),https://tinyurl.com/23657t28
Tissamaharama,SET Indian Restaurant,4.8(99),https://tinyurl.com/23ta5r4e
Tissamaharama,Hathmaluwa Restaurant And The liquor Tap,4.4(418),https://tinyurl.com/26jfopq9
Tissamaharama,Home Food Restaurant,4.8(146),https://tinyurl.com/2yu4rgmo
Tissamaharama,New Hotel Sawsiri Tissamaharamaya,4.1(250),https://tinyurl.com/24bofert
Tissamaharama,Yala Peace Cottages & Restaurant,4.7(295),https://tinyurl.com/2bhck2dh
Tissamaharama,Green Hut Restaurant,4.2(85),https://tinyurl.com/22jjpqt4
Tissamaharama,999 Cafe & Restaurant,4.7(147),https://tinyurl.com/26budhno
Tissamaharama,Chill Out Restaurant,4.9(48),https://tinyurl.com/27qusr5y
Tissamaharama,The Oak Restaurant,4.5(2),https://tinyurl.com/2y8sqy6m
Tissamaharama,Royal Restaurant,3.9(277),https://tinyurl.com/29alugt9
Tissamaharama,YALA Wild Heart Restaurant,4.9(155),https://tinyurl.com/25cb7swt
Tissamaharama,Refresh Seafood Restaurant,"3.7(1,308)",https://tinyurl.com/2dj94zja
Tissamaharama,The Grand Yala Hotel,4.4(177),https://tinyurl.com/29dlvfdm
Tissamaharama,Restaurant,5.0(1),https://tinyurl.com/224jly85
Sella Kataragama,Ran Mall Villa,4.8(40),https://tinyurl.com/2222cvkn
Sella Kataragama,bird view,4.0(12),https://tinyurl.com/29eoajjt
Sella Kataragama,State Timber Corporation Circuit Bungalow Sella Kataragama,4.2(9),https://tinyurl.com/25gdkvng
Sella Kataragama,akeesha Rest,4.8(6),https://tinyurl.com/25uevamc
Sella Kataragama,Hakmana Hotel,4.0(2),https://tinyurl.com/2b3uokqa
Sella Kataragama,Gedara Bath Kade,3.7(178),https://tinyurl.com/285pz8yr
Sella Kataragama,"SMOOTHIEBUN - Healthy Vegetarian Restaurant, Kataragama",4.9(511),https://tinyurl.com/2cuf96jy
Sella Kataragama,The Chill Restaurant,3.8(176),https://tinyurl.com/2breuo8a
Sella Kataragama,Sathsara Holiday Inn,5.0(4),https://tinyurl.com/2dgqq5lh
Sella Kataragama,Wild Edge Restaurant & Cafe,4.8(50),https://tinyurl.com/2boxoule
Sella Kataragama,Livinya Holiday Resort,4.3(372),https://tinyurl.com/2bgsd7sl
Sella Kataragama,Kasun Bath Kade,5.0(1),https://tinyurl.com/24oxeyop
Sella Kataragama,Dinaka Rest Kataragama,4.0(84),https://tinyurl.com/282ph9he
Sella Kataragama,Pradeepa Hotel & Chinese,4.3(3),https://tinyurl.com/23bzrspc
Sella Kataragama,Blue Bird view resort and restaurant,4.0(5),https://tinyurl.com/2bdbwbew
Sella Kataragama,Dhilan Hotel,5.0(1),https://tinyurl.com/293u3k6l
Sella Kataragama,Matara Family Restaurant,3.5(12),https://tinyurl.com/2bnchlhn
Sella Kataragama,Sella Kataragama,N/A,https://tinyurl.com/29xfuqjp
Sella Kataragama,Thisara Pool Resort & Yala-Kabiliththa Safari,3.0(141),https://tinyurl.com/235z8shd
Sella Kataragama,Orient restaurant (open always ),4.2(6),https://tinyurl.com/23jnly6j
Colombo,The Barnesbury,"4.3(2,662)",https://tinyurl.com/22ufoffn
Colombo,Monsoon Colombo,"4.3(1,015)",https://tinyurl.com/22olxa8r
Colombo,Graze Kitchen,"4.6(3,131)",https://tinyurl.com/22vgbufj
Colombo,The Gallery Café,"4.4(2,481)",https://tinyurl.com/28umw93k
Colombo,The Lagoon.,"4.5(2,000)",https://tinyurl.com/2dgjnok9
Colombo,The Sizzle Colombo,"4.2(2,603)",https://tinyurl.com/25d2wsko
Colombo,Ministry of Crab,"4.4(4,228)",https://tinyurl.com/24brzzug
Colombo,Cuisine Colombo - Gregory's Road,4.7(602),https://tinyurl.com/2996o9v4
Colombo,The Bayleaf,"4.4(1,939)",https://tinyurl.com/22adv9j8
Colombo,Culture Colombo,"4.5(1,719)",https://tinyurl.com/28bb5yh7
Colombo,PLATES,"4.6(1,256)",https://tinyurl.com/2yxz87yp
Colombo,The Avenue,4.5(454),https://tinyurl.com/2c7h3ey6
Colombo,FLOW,"4.4(1,149)",https://tinyurl.com/26gte2ts
Colombo,7 Degrees Restaurants,4.7(222),https://tinyurl.com/27dtnl5q
Colombo,The Bavarian German Restaurant and pub,"4.4(2,025)",https://tinyurl.com/22ozqc28
Colombo,Big Plate,"4.7(13,226)",https://tinyurl.com/2xk8mrno
Colombo,Upali's by Nawaloka,"4.2(4,285)",https://tinyurl.com/28ayng9p
Colombo,Virticle by Jetwing,4.5(379),https://tinyurl.com/25bfgjdd
Colombo,Table by Nyne,4.3(167),https://tinyurl.com/258yapqh
Colombo,Navratna Restaurant,4.3(476),https://tinyurl.com/28pla69d
Gampaha,Sky Lounge Gampaha,3.8(397),https://tinyurl.com/2bpyyezm
Gampaha,Peppa Pig Cafe,3.9(130),https://tinyurl.com/2xl2763l
Gampaha,Open Kitchen,3.9(797),https://tinyurl.com/25dra8r2
Gampaha,Hansa Village Restaurant,3.9(336),https://tinyurl.com/23gczbma
Gampaha,Kottu Lounge,4.1(181),https://tinyurl.com/27xwhp56
Gampaha,Mom's Touch Restaurant & Banquet Hall,3.8(397),https://tinyurl.com/269wa3vy
Gampaha,Pabasara Dine Family Restaurant - Gampaha,3.9(18),https://tinyurl.com/29u55ksr
Gampaha,Yallah,5.0(2),https://tinyurl.com/27o4fn7c
Gampaha,Leopards Gampaha,4.1(454),https://tinyurl.com/28pe7p85
Gampaha,Urban Smokehouse GAMPAHA,4.5(526),https://tinyurl.com/24yco2rm
Gampaha,P Café Carmela,4.2(130),https://tinyurl.com/23xdj5c8
Gampaha,KFC - Gampaha,"3.9(1,641)",https://tinyurl.com/2yzd3suv
Gampaha,Letona Cafe,"4.1(1,546)",https://tinyurl.com/2yww3qge
Gampaha,Caya Resort,3.9(284),https://tinyurl.com/2xs85usp
Gampaha,Cafe 218,4.4(9),https://tinyurl.com/22m8pydl
Gampaha,La Amore Pizzeria,4.5(276),https://tinyurl.com/2amba3qa
Gampaha,Chanomin Express,4.4(169),https://tinyurl.com/2cvq5syl
Gampaha,Babi Babi Restaurant,3.8(241),https://tinyurl.com/2ypmkb76
Gampaha,Nimaka Foods,3.7(71),https://tinyurl.com/28yafdgt
Gampaha,Orient Bakery and Family Restaurant,3.9(104),https://tinyurl.com/292k7fhm
Dodanduwa,Mom’s Kitchen,4.9(124),https://tinyurl.com/2d8uchxc
Dodanduwa,The Garden Beach Restaurant,4.7(44),https://tinyurl.com/2bfnbee4
Dodanduwa,Sardines&Polly,4.8(15),https://tinyurl.com/2bmznykt
Dodanduwa,Black Rock Boat,4.6(201),https://tinyurl.com/2bx9yqnm
Dodanduwa,Villa 1908,4.8(15),https://tinyurl.com/24sum85r
Dodanduwa,Two Brother's Palace,4.9(358),https://tinyurl.com/23w66q4f
Dodanduwa,DP Restaurant and rotti shop,5.0(29),https://tinyurl.com/248bkdzz
Dodanduwa,Lesher Café,5.0(21),https://tinyurl.com/29lmpat8
Dodanduwa,Appetite Restaurant,4.8(247),https://tinyurl.com/2bqtu7j2
Dodanduwa,A2 Restaurant,4.3(422),https://tinyurl.com/29efxhqb
Dodanduwa,Mac & Cheese,4.6(164),https://tinyurl.com/286ovj3y
Dodanduwa,Steffi's Mandala,4.7(309),https://tinyurl.com/25kxzey2
Dodanduwa,Restaurant Aurora,5.0(23),https://tinyurl.com/28btnpws
Dodanduwa,Dodanduwa Restaurant,5.0(5),https://tinyurl.com/28xotmy8
Dodanduwa,Coconut Club,4.6(67),https://tinyurl.com/22r93bua
Dodanduwa,Salty Swamis,4.7(824),https://tinyurl.com/2blqyt4x
Dodanduwa,Ocean Drop Hikkaduwa,4.8(270),https://tinyurl.com/2y8cdzbt
Dodanduwa,The Scallops - Seafood Restaurant,4.6(122),https://tinyurl.com/23u9er8y
Dodanduwa,Refresh Beach Restaurant,"4.1(2,089)",https://tinyurl.com/2cj7g9fe
Dodanduwa,Harbour Restaurant & Bar,4.6(93),https://tinyurl.com/2bl3uozh
Horton Plains,Eco Wild Glamping Bambarakanda,4.9(178),https://tinyurl.com/2bf4pmvg
Horton Plains,Horton Plains National Park,"4.6(8,852)",https://tinyurl.com/2ymp7uat
Horton Plains,Horton Plains Cafeteria,3.7(35),https://tinyurl.com/28u3vv6f
Horton Plains,Korean Restaurant,4.1(37),https://tinyurl.com/28gd8npv
Horton Plains,t-Lounge by Dilmah - Horton Place,4.2(392),https://tinyurl.com/25cgwhnj
Horton Plains,Indian Summer Restaurant Nuwara Eliya,"4.1(2,014)",https://tinyurl.com/27868bso
Horton Plains,Seed Cafe,"4.6(1,299)",https://tinyurl.com/23k6wrfl
Horton Plains,Ambewela Farm Fresh Restaurant,4.1(94),https://tinyurl.com/2baxxgym
Horton Plains,සරත් අයියගේ රොටී කඩේ(phone hora),4.2(236),https://tinyurl.com/2ycyzlep
Horton Plains,Taco Bell - Horton Place,"4.3(5,550)",https://tinyurl.com/2ddsw5an
Horton Plains,Kang’s Kitchen,"4.4(1,076)",https://tinyurl.com/2cq9uane
Horton Plains,BLOOMING HEAVEN RESORT,4.5(28),https://tinyurl.com/26f364vr
Horton Plains,Nitwo Restaurant by ONASIUS,3.5(6),https://tinyurl.com/23cugc6d
Horton Plains,The Fern,4.7(51),https://tinyurl.com/227b8qdp
Horton Plains,Themparadu,"4.6(1,474)",https://tinyurl.com/2dl3zuu9
Horton Plains,The Gamunu Watch,4.6(96),https://tinyurl.com/2deo8sfm
Horton Plains,Pearl Restaurant Belihuloya,4.3(33),https://tinyurl.com/28lw5pp8
Horton Plains,Diyadahara restaurant and Rooms,5.0(5),https://tinyurl.com/27o3jhbb
Horton Plains,Cafe Ninety Nine,4.8(259),https://tinyurl.com/29lsvjyf
Horton Plains,The Nature Rest,3.9(20),https://tinyurl.com/23v897u4
Sinharaja,Sinaharaja Awanhala,4.0(13),https://tinyurl.com/2d9fvvyo
Sinharaja,SINHARAJA HOTEL,4.0(2),https://tinyurl.com/26hzhhtk
Sinharaja,SINHARAJA ADVENTURE RESORT,4.7(3),https://tinyurl.com/2czfo9rj
Sinharaja,Thotupala (තොටුපල) Restaurant,5.0(16),https://tinyurl.com/297hflvo
Sinharaja,Sinharaja Guest,4.2(6),https://tinyurl.com/28rlkz8m
Sinharaja,360 Rainforest,4.1(165),https://tinyurl.com/27gjyvd5
Sinharaja,Sinhara Restaurant,4.1(700),https://tinyurl.com/2bvhtoby
Sinharaja,Madu Nature Cafe Sinharaja,5.0(2),https://tinyurl.com/27tqy9rp
Sinharaja,River Breeze Restaurant,4.7(26),https://tinyurl.com/238asaan
Sinharaja,Sinharaja Vini Villa,4.4(87),https://tinyurl.com/2dyz86lp
Sinharaja,Singharaja Garden AGRO ECO-Lodge (Pvt) Ltd,4.9(38),https://tinyurl.com/2ap3cfde
Sinharaja,Sinharaja Circuit Banglow,3.4(5),https://tinyurl.com/2abcm7wu
Sinharaja,Sinharaja Cottage,4.0(82),https://tinyurl.com/289ler3a
Sinharaja,Sinharaja Rest,4.3(97),https://tinyurl.com/28juw7tv
Sinharaja,Rock View Motel,4.1(81),https://tinyurl.com/2ba3z6zq
Sinharaja,Forest & Fields - Sinharaja,4.9(8),https://tinyurl.com/25hb4k2y
Sinharaja,Misty Mountain-Sinharaja,4.9(82),https://tinyurl.com/25nd3lrw
Sinharaja,Gammanaya Eco Restaurant & Bar,3.9(164),https://tinyurl.com/2ahd5og7
Sinharaja,Pitadeniya,5.0(2),https://tinyurl.com/25c6cd57
Sinharaja,Sinharaja Forest Edge,3.8(39),https://tinyurl.com/26hs5wr9
Chilaw,Coco Village Food CHILAW,3.9(23),https://tinyurl.com/236awhpv
Chilaw,Taste of heaven,4.4(30),https://tinyurl.com/22zoun5m
Chilaw,"CLEMENT'S - Cafe, Bakery and Food Court, Chilaw","4.4(1,036)",https://tinyurl.com/2afd9vvf
Chilaw,Singing Fish - Chilaw,3.8(171),https://tinyurl.com/22kyc8d4
Chilaw,The 69 Beach Restaurant,5.0(10),https://tinyurl.com/2877spuj
Chilaw,Carolina Beach Resort & Spa,"4.2(1,735)",https://tinyurl.com/298tg82k
Chilaw,Grill Food Mini Restaurant,5.0(3),https://tinyurl.com/2c8wo7ds
Chilaw,YARD FAMILY RESTAURANT,5.0(2),https://tinyurl.com/23byjtk9
Chilaw,Thai Kitchen Seafood Restaurant,3.5(98),https://tinyurl.com/2xj5ehlg
Chilaw,Hotel Athina & Restaurant,4.0(96),https://tinyurl.com/2xqxq4s8
Chilaw,Pizza Hut - Chilaw,4.3(877),https://tinyurl.com/2b5wcp34
Chilaw,Beach Boat Family Restaurant,3.7(21),https://tinyurl.com/29rd398n
Chilaw,Chilaw Rest House,3.7(288),https://tinyurl.com/2xsjm8a5
Chilaw,Shiny Villa,4.2(9),https://tinyurl.com/22v66cbo
Chilaw,Wadiya Restaurant,3.6(25),https://tinyurl.com/2awwasyb
Chilaw,Grill Point,4.6(9),https://tinyurl.com/2d9e6j9m
Chilaw,Home Town Restaurant,3.8(18),https://tinyurl.com/2cbzkasp
Chilaw,DSG Hotel,4.0(76),https://tinyurl.com/248ytet7
Chilaw,Sree Rhanga,3.9(25),https://tinyurl.com/2cx6npsu
Chilaw,Bhai Hut BBQ,3.6(25),https://tinyurl.com/2yuhljem
Matale,Grand dish restaurant matale,4.9(8),https://tinyurl.com/2ysnhfkk
Matale,Milano Bake House,3.9(129),https://tinyurl.com/26lfkzby
Matale,NK Hotel and Restaurant,4.9(42),https://tinyurl.com/26qkcp7s
Matale,Kiyaso,3.5(374),https://tinyurl.com/2algtjhc
Matale,Mount View Restaurant,5.0(8),https://tinyurl.com/2y9s2ya9
Matale,Cafe YC,4.4(131),https://tinyurl.com/23y9pyd8
Matale,Nathara Restaurant,4.2(32),https://tinyurl.com/28vppwob
Matale,Restaurant Ceylon Kitchen,4.1(37),https://tinyurl.com/2dhmhf8x
Matale,Friends Corner,4.0(43),https://tinyurl.com/28ouechj
Matale,Open Kitchen matale,4.1(48),https://tinyurl.com/2br345ax
Matale,Gedara Kade,4.3(19),https://tinyurl.com/24sab4v4
Matale,New Ransiri Restaurant & Bakehouse,4.8(22),https://tinyurl.com/27zfu3jw
Matale,Chamikra Restaurant,3.8(173),https://tinyurl.com/23g9try7
Matale,Anandha Bawan,3.9(43),https://tinyurl.com/266ffpn2
Matale,Raheemiyas Hotel,3.7(176),https://tinyurl.com/26ufndu7
Matale,Burger Chief,3.7(358),https://tinyurl.com/22w5xqxr
Matale,Matale Bake House,3.9(16),https://tinyurl.com/2c6hcrg2
Matale,Food Corner,4.1(391),https://tinyurl.com/27dp9opl
Matale,Delight Matale,3.9(87),https://tinyurl.com/286g3q9o
Matale,Arunaloka Hotel & Bakery ( Indian Restaurant ),3.4(106),https://tinyurl.com/2485e5db
Kurunegala,The Hangout,"3.9(2,310)",https://www.google.com/maps/place/The+Hangout/data=!4m7!3m6!1s0x3ae33a23d301ea97:0xb1e3c4e138286f57!8m2!3d7.4809844!4d80.3597315!16s%2Fg%2F11b6gr_mhq!19sChIJl-oB0yM64zoRV28oOOHE47E?authuser=0&hl=en&rclk=1
Kurunegala,Restaurant Three,4.2(527),https://www.google.com/maps/place/Restaurant+Three/data=!4m7!3m6!1s0x3ae339a57c88b555:0xa9108787f27ce165!8m2!3d7.4968058!4d80.3678422!16s%2Fg%2F11flvbkk1v!19sChIJVbWIfKU54zoRZeF88oeHEKk?authuser=0&hl=en&rclk=1
Kurunegala,Gemi Gedara,"4.1(1,111)",https://tinyurl.com/2axnpass
Kurunegala,The Saruketha Pavilion,"3.9(1,226)",https://tinyurl.com/25erxsc6
Kurunegala,Ceylon Lagos by Gemigedara,4.5(167),https://www.google.com/maps/place/Ceylon+Lagos+by+Gemigedara/data=!4m7!3m6!1s0x3ae33924d2775d05:0x6fee2fafb8cb5617!8m2!3d7.4977359!4d80.3667795!16s%2Fg%2F11t5k61sp8!19sChIJBV130iQ54zoRF1bLuK8v7m8?authuser=0&hl=en&rclk=1
Kurunegala,Aasife Biriyani - Kurunegala (Sri Lanka),"4.6(1,086)",https://tinyurl.com/2brobedo
Kurunegala,Cafe Amakie,"4.5(1,870)",https://www.google.com/maps/place/Cafe+Amakie/data=!4m7!3m6!1s0x3ae33930a14c83c7:0x853a20e74c958de9!8m2!3d7.4980463!4d80.3848358!16s%2Fg%2F11n6gbjk7k!19sChIJx4NMoTA54zoR6Y2VTOcgOoU?authuser=0&hl=en&rclk=1
Kurunegala,Sathkaara Dehena,4.2(362),https://tinyurl.com/22t5lnln
Kurunegala,Diya Dahara,3.8(608),https://tinyurl.com/24lfldtl
Kurunegala,Wela Addara Restaurant Kurunegala,4.4(91),https://tinyurl.com/28e7dwqo
Kurunegala,Kulla Restaurant,3.7(49),https://tinyurl.com/24q68pnw
Kurunegala,Bee Kitchen,4.1(259),https://tinyurl.com/22uf38t5
Kurunegala,Dine Hut Indian Family Restaurant,4.0(824),https://tinyurl.com/2cuz9bsg
Kurunegala,Garden Cafe Asian Restaurant By Senasuma Hotel,4.6(52),https://tinyurl.com/256ym9wh
Kurunegala,Sri Bajra Dosai,"4.4(1,092)",https://tinyurl.com/2b6vtyug
Kurunegala,Love Breeze Pub & Restaurant,4.5(17),https://tinyurl.com/263u8zde
Kurunegala,P&G Lounge,"4.1(1,372)",https://tinyurl.com/29lh7vta
Kurunegala,Charcoal Smoke House (Halal),4.4(114),https://tinyurl.com/29844ty5
Kurunegala,Cafe Olu,4.5(458),https://tinyurl.com/2aezm4vp
Kurunegala,Golden Family Restaurant,3.6(52),https://tinyurl.com/25ocf5n8
Ambalangoda,Chill Pill Beach Restaurant,4.3(294),https://www.google.com/maps/place/Chill+Pill+Beach+Restaurant/data=!4m7!3m6!1s0x3ae18179cbddc3f9:0xb5335744162b4877!8m2!3d6.237792!4d80.0503689!16s%2Fg%2F11d_b9d7rr!19sChIJ-cPdy3mB4ToRd0grFkRXM7U?authuser=0&hl=en&rclk=1
Ambalangoda,Sanekvin Restaurant,4.1(569),https://www.google.com/maps/place/Sanekvin+Restaurant/data=!4m7!3m6!1s0x3ae18181e8fc5311:0x3160c675418e0aba!8m2!3d6.2328177!4d80.0542714!16s%2Fg%2F1tjs3c9n!19sChIJEVP86IGB4ToRugqOQXXGYDE?authuser=0&hl=en&rclk=1
Ambalangoda,Ozone Restaurant & Cafe,4.3(116),https://www.google.com/maps/place/Ozone+Restaurant+%26+Cafe/data=!4m7!3m6!1s0x3ae181ea5d8710d9:0x8d87a97e2f39a3bb!8m2!3d6.2399357!4d80.0535862!16s%2Fg%2F11sn_3wrtr!19sChIJ2RCHXeqB4ToRu6M5L36ph40?authuser=0&hl=en&rclk=1
Ambalangoda,Happy Grill,4.6(85),https://tinyurl.com/2yl42ov9
Ambalangoda,Wallama Villa & Beach Restaurant,4.9(71),https://tinyurl.com/29sywehn
Ambalangoda,Salvin Restaurant,4.5(50),https://tinyurl.com/27waqumt
Ambalangoda,You and Me Restaurant,4.6(51),https://tinyurl.com/2494uf7n
Ambalangoda,507 Restaurant,4.9(57),https://tinyurl.com/2aa2475m
Ambalangoda,Monello pizza Ambalangoda,4.8(343),https://tinyurl.com/2cmv5pxt
Ambalangoda,The Shade Grove,4.5(24),https://tinyurl.com/2ydrj9my
Ambalangoda,La Kurumba,4.6(147),https://tinyurl.com/28966gey
Ambalangoda,Amco Restaurant,3.8(170),https://tinyurl.com/2xtmn8ll
Ambalangoda,114 Beach Restaurant,4.6(25),https://tinyurl.com/2228ure9
Ambalangoda,Kokiya Restaurant - Ambalangoda,4.0(28),https://tinyurl.com/264xq8uz
Ambalangoda,BK Restaurant,3.8(35),https://tinyurl.com/2cwcdfmz
Ambalangoda,Peacock Beach Restaurant,4.8(6),https://tinyurl.com/27cb7xe9
Ambalangoda,Randomba Hotel,3.0(740),https://tinyurl.com/2xkdpk95
Ambalangoda,Sky Breeze Rooftop Family Restaurant and Bar,2.0(5),https://tinyurl.com/294l6nm7
Ambalangoda,Eight Eight,3.5(17),https://tinyurl.com/26fauf5b
Ambalangoda,D&D Restaurant,3.9(25),https://tinyurl.com/23bel92w
